id,regdate,first_name,last_name,email_address,homephone,street,city,state,zipcode
26,12/2/08 23:19,Michael,Panek,dntisler@jumpstartlab.com,(801)362-6000,1434 wilson ave.,Salt lake city,UT,84105
841,1/17/09 14:21,Kate,Cebulski,orazrya1@jumpstartlab.com,(801)550-5000,1033 barbara pl apt 2,Salt lake city,UT,84102
1933,1/21/09 22:00,Megan,Engel,bgc64@jumpstartlab.com,(801)550-5000,219 elizabeth st.,Salt lake city,UT,84102
1940,1/21/09 22:03,Kristen,Gilbert,tpollins6@jumpstartlab.com,(801)550-5000,1343 ashwood circle,Salt lake city,UT,84121
1950,1/21/09 22:07,Student,Myett,wjang@jumpstartlab.com,(801)550-5000,834 e. pond view way,Salt lake city,UT,84106
1956,1/21/09 22:09,Adrienne,Xx,rrthleen.oflaherty@jumpstartlab.com,(801)550-5000,1213 medical plaza,Salt lake city,UT,84121
1960,1/21/09 22:11,Eileen,Ludmer,mhulger@jumpstartlab.com,(801)550-5000,723 11th avenue,Salt lake city,UT,84103
1966,1/21/09 22:13,Alex,Boozel,jyhiang@jumpstartlab.com,(801)550-5000,220 a street,Salt lake city,UT,84103
1972,1/21/09 22:15,Susan,Berkley,ceebst.4@jumpstartlab.com,(801)550-5000,1033 barbara pl,Salt lake city,UT,84102
1979,1/21/09 22:17,Emma,Kopkin,sxcoffey@jumpstartlab.com,(801)550-5000,1033 barbara pl,Salt lake city,UT,84102
1988,1/21/09 22:19,Kate,Armacost,hgle.saud@jumpstartlab.com,(801)550-5000,1033 barbara pl,Salt lake city,UT,84102
4246,2/1/09 17:14,Lindsey,Woolworth,eoeal@jumpstartlab.com,(801)359-4000,350 south 200 east #406,Salt lake city,UT,84111
4718,2/1/09 22:00,Rich,Wynn,vkrenzo.serna@jumpstartlab.com,(801)550-5000,2887 wainwright road,Salt lake city,UT,84109
